motif_ID	motif_ALT_ID	motif_Score	seq_ID	seq_Score	seq_Class	is_holdout?
1-AGGGAGAG	STREME-1	5.6e-016	KLF_ECO1Fd05_1_B	15.39	tp	0
1-AGGGAGAG	STREME-1	5.6e-016	ACE1_Ng3_1_A	15.39	tp	0
1-AGGGAGAG	STREME-1	5.6e-016	KLF_Fd05_1_A	15.39	tp	0
1-AGGGAGAG	STREME-1	5.6e-016	ACE1_Fd09_1_A	15.39	tp	0
1-AGGGAGAG	STREME-1	5.6e-016	KLF_Fd03_3_A	15.39	tp	0
1-AGGGAGAG	STREME-1	5.6e-016	ACE1_Fd33_6_B	15.39	tp	0
1-AGGGAGAG	STREME-1	5.6e-016	ACE1_Fd33_9_A	15.39	tp	0
1-AGGGAGAG	STREME-1	5.6e-016	ACE1_Fd05_3_B	15.39	tp	0
1-AGGGAGAG	STREME-1	5.6e-016	KLF_Fd09_1_A	15.39	tp	0
1-AGGGAGAG	STREME-1	5.6e-016	KLF_ECO1Fd09_1_B	15.39	tp	0
1-AGGGAGAG	STREME-1	5.6e-016	RDL_Fd03_2_B	15.39	tp	0
1-AGGGAGAG	STREME-1	5.6e-016	RDL_Fd09_1_B	15.39	tp	0
1-AGGGAGAG	STREME-1	5.6e-016	ACE1_Fd33_7_B	15.39	tp	0
1-AGGGAGAG	STREME-1	5.6e-016	ACE1_Ng5_1_A	15.39	tp	0
1-AGGGAGAG	STREME-1	5.6e-016	ACE1_Ng5_2_A	15.39	tp	0
1-AGGGAGAG	STREME-1	5.6e-016	RDL_Fd05_3_A	15.39	tp	0
1-AGGGAGAG	STREME-1	5.6e-016	ACE1_Fd03_1_B	15.39	tp	0
1-AGGGAGAG	STREME-1	5.6e-016	LRIM_Fd03_3_B	13.59	tp	0
1-AGGGAGAG	STREME-1	5.6e-016	LRIM_ECO2Fd03_3_A	13.59	tp	0
1-AGGGAGAG	STREME-1	5.6e-016	LRIM_Fd09_3_A	13.59	tp	0
1-AGGGAGAG	STREME-1	5.6e-016	LRIM_Fd05_1_B	13.59	tp	0
1-AGGGAGAG	STREME-1	5.6e-016	LRIM_ECO1Fd05_1_A	13.59	tp	0
1-AGGGAGAG	STREME-1	5.6e-016	OVO_Fd09_3_B	13.28	tp	0
1-AGGGAGAG	STREME-1	5.6e-016	OVO_Fd03_8_A	13.28	tp	0
1-AGGGAGAG	STREME-1	5.6e-016	OVO_Fd05_4_B	13.28	tp	0
1-AGGGAGAG	STREME-1	5.6e-016	APT2_Ng3_A	13.05	tp	0
1-AGGGAGAG	STREME-1	5.6e-016	APT2_Ng4_B	13.05	tp	0
1-AGGGAGAG	STREME-1	5.6e-016	APT2_ECO1_Ng4_A	13.05	tp	0
1-AGGGAGAG	STREME-1	5.6e-016	APT2_ECO1_Ng1_B	12.34	tp	0
1-AGGGAGAG	STREME-1	5.6e-016	APT2_Ng1_A	12.34	tp	0
1-AGGGAGAG	STREME-1	5.6e-016	APT2_Ng2_A	12.34	tp	0
1-AGGGAGAG	STREME-1	5.6e-016	APT2_Ng2_A	12.34	fp	0
#
2-GAAGTGGAWGC	STREME-2	5.6e-016	KLF_Fd03_3_A	18.48	fp	0
2-GAAGTGGAWGC	STREME-2	5.6e-016	KLF_ECO1Fd05_1_B	17.81	tp	0
2-GAAGTGGAWGC	STREME-2	5.6e-016	KLF_Fd05_1_A	17.81	tp	0
2-GAAGTGGAWGC	STREME-2	5.6e-016	KLF_Fd03_3_A	17.81	tp	0
2-GAAGTGGAWGC	STREME-2	5.6e-016	KLF_Fd09_1_A	17.81	tp	0
2-GAAGTGGAWGC	STREME-2	5.6e-016	KLF_ECO1Fd09_1_B	17.81	tp	0
2-GAAGTGGAWGC	STREME-2	5.6e-016	ACE1_Ng3_1_A	17.19	tp	0
2-GAAGTGGAWGC	STREME-2	5.6e-016	ACE1_Fd09_1_A	17.19	tp	0
2-GAAGTGGAWGC	STREME-2	5.6e-016	ACE1_Fd33_6_B	17.19	tp	0
2-GAAGTGGAWGC	STREME-2	5.6e-016	ACE1_Fd33_9_A	17.19	tp	0
2-GAAGTGGAWGC	STREME-2	5.6e-016	ACE1_Fd05_3_B	17.19	tp	0
2-GAAGTGGAWGC	STREME-2	5.6e-016	ACE1_Fd33_7_B	17.19	tp	0
2-GAAGTGGAWGC	STREME-2	5.6e-016	ACE1_Ng5_1_A	17.19	tp	0
2-GAAGTGGAWGC	STREME-2	5.6e-016	ACE1_Ng5_2_A	17.19	tp	0
2-GAAGTGGAWGC	STREME-2	5.6e-016	ACE1_Fd03_1_B	17.19	tp	0
2-GAAGTGGAWGC	STREME-2	5.6e-016	LRIM_Fd03_3_B	16.96	tp	0
2-GAAGTGGAWGC	STREME-2	5.6e-016	LRIM_ECO2Fd03_3_A	16.96	tp	0
2-GAAGTGGAWGC	STREME-2	5.6e-016	LRIM_Fd09_3_A	16.96	tp	0
2-GAAGTGGAWGC	STREME-2	5.6e-016	LRIM_Fd05_1_B	16.96	tp	0
2-GAAGTGGAWGC	STREME-2	5.6e-016	LRIM_ECO1Fd05_1_A	16.96	tp	0
2-GAAGTGGAWGC	STREME-2	5.6e-016	APT2_ECO1_Ng1_B	14.92	tp	0
2-GAAGTGGAWGC	STREME-2	5.6e-016	APT2_Ng1_A	14.92	tp	0
2-GAAGTGGAWGC	STREME-2	5.6e-016	APT2_Ng2_A	14.92	tp	0
2-GAAGTGGAWGC	STREME-2	5.6e-016	APT2_Ng3_A	14.87	tp	0
2-GAAGTGGAWGC	STREME-2	5.6e-016	APT2_Ng4_B	14.87	tp	0
2-GAAGTGGAWGC	STREME-2	5.6e-016	APT2_ECO1_Ng4_A	14.87	tp	0
2-GAAGTGGAWGC	STREME-2	5.6e-016	RDL_Fd03_2_B	14.78	tp	0
2-GAAGTGGAWGC	STREME-2	5.6e-016	RDL_Fd09_1_B	14.78	tp	0
2-GAAGTGGAWGC	STREME-2	5.6e-016	RDL_Fd05_3_A	14.78	tp	0
2-GAAGTGGAWGC	STREME-2	5.6e-016	OVO_Fd09_3_B	14.17	tp	0
2-GAAGTGGAWGC	STREME-2	5.6e-016	OVO_Fd03_8_A	14.17	tp	0
2-GAAGTGGAWGC	STREME-2	5.6e-016	OVO_Fd05_4_B	14.17	tp	0
#
3-CGRGACCGGCBCSA	STREME-3	3.6e-015	LRIM_Fd03_3_B	23.02	tp	0
3-CGRGACCGGCBCSA	STREME-3	3.6e-015	LRIM_ECO2Fd03_3_A	23.02	tp	0
3-CGRGACCGGCBCSA	STREME-3	3.6e-015	LRIM_Fd09_3_A	23.02	tp	0
3-CGRGACCGGCBCSA	STREME-3	3.6e-015	LRIM_Fd05_1_B	23.02	tp	0
3-CGRGACCGGCBCSA	STREME-3	3.6e-015	LRIM_ECO1Fd05_1_A	23.02	tp	0
3-CGRGACCGGCBCSA	STREME-3	3.6e-015	ACE1_Ng3_1_A	22.58	tp	0
3-CGRGACCGGCBCSA	STREME-3	3.6e-015	ACE1_Fd09_1_A	22.58	tp	0
3-CGRGACCGGCBCSA	STREME-3	3.6e-015	ACE1_Fd33_6_B	22.58	tp	0
3-CGRGACCGGCBCSA	STREME-3	3.6e-015	ACE1_Fd33_9_A	22.58	tp	0
3-CGRGACCGGCBCSA	STREME-3	3.6e-015	ACE1_Fd05_3_B	22.58	tp	0
3-CGRGACCGGCBCSA	STREME-3	3.6e-015	ACE1_Fd33_7_B	22.58	tp	0
3-CGRGACCGGCBCSA	STREME-3	3.6e-015	ACE1_Ng5_1_A	22.58	tp	0
3-CGRGACCGGCBCSA	STREME-3	3.6e-015	ACE1_Ng5_2_A	22.58	tp	0
3-CGRGACCGGCBCSA	STREME-3	3.6e-015	ACE1_Fd03_1_B	22.58	tp	0
3-CGRGACCGGCBCSA	STREME-3	3.6e-015	KLF_ECO1Fd05_1_B	20.77	tp	0
3-CGRGACCGGCBCSA	STREME-3	3.6e-015	KLF_Fd05_1_A	20.77	tp	0
3-CGRGACCGGCBCSA	STREME-3	3.6e-015	KLF_Fd03_3_A	20.77	tp	0
3-CGRGACCGGCBCSA	STREME-3	3.6e-015	KLF_Fd09_1_A	20.77	tp	0
3-CGRGACCGGCBCSA	STREME-3	3.6e-015	KLF_ECO1Fd09_1_B	20.77	tp	0
3-CGRGACCGGCBCSA	STREME-3	3.6e-015	APT2_ECO1_Ng1_B	17.19	tp	0
3-CGRGACCGGCBCSA	STREME-3	3.6e-015	APT2_Ng3_A	17.19	tp	0
3-CGRGACCGGCBCSA	STREME-3	3.6e-015	APT2_Ng1_A	17.19	tp	0
3-CGRGACCGGCBCSA	STREME-3	3.6e-015	APT2_Ng4_B	17.19	tp	0
3-CGRGACCGGCBCSA	STREME-3	3.6e-015	APT2_Ng2_A	17.19	tp	0
3-CGRGACCGGCBCSA	STREME-3	3.6e-015	APT2_ECO1_Ng4_A	17.19	tp	0
3-CGRGACCGGCBCSA	STREME-3	3.6e-015	ACE1_Fd05_3_B	11.96	fp	0
3-CGRGACCGGCBCSA	STREME-3	3.6e-015	RDL_Fd03_2_B	11.74	tp	0
3-CGRGACCGGCBCSA	STREME-3	3.6e-015	RDL_Fd09_1_B	11.74	tp	0
3-CGRGACCGGCBCSA	STREME-3	3.6e-015	RDL_Fd05_3_A	11.74	tp	0
3-CGRGACCGGCBCSA	STREME-3	3.6e-015	ACE1_Ng5_2_A	11.44	fp	0
3-CGRGACCGGCBCSA	STREME-3	3.6e-015	OVO_Fd09_3_B	10.75	tp	0
3-CGRGACCGGCBCSA	STREME-3	3.6e-015	OVO_Fd03_8_A	10.75	tp	0
3-CGRGACCGGCBCSA	STREME-3	3.6e-015	OVO_Fd05_4_B	10.75	tp	0
3-CGRGACCGGCBCSA	STREME-3	3.6e-015	KLF_Fd09_1_A	10.31	fp	0
3-CGRGACCGGCBCSA	STREME-3	3.6e-015	Dll_neg_3	9.38	tp	0
#
4-TACTAATC	STREME-4	8.9e-015	ACE1_Fd09_1_A	16.56	tp	0
4-TACTAATC	STREME-4	8.9e-015	ACE1_Fd33_6_B	16.56	tp	0
4-TACTAATC	STREME-4	8.9e-015	ACE1_Fd05_3_B	16.56	tp	0
4-TACTAATC	STREME-4	8.9e-015	RDL_Fd03_2_B	16.56	tp	0
4-TACTAATC	STREME-4	8.9e-015	RDL_Fd09_1_B	16.56	tp	0
4-TACTAATC	STREME-4	8.9e-015	ACE1_Fd33_7_B	16.56	tp	0
4-TACTAATC	STREME-4	8.9e-015	RDL_Fd05_3_A	16.56	tp	0
4-TACTAATC	STREME-4	8.9e-015	ACE1_Ng3_1_A	13.52	tp	0
4-TACTAATC	STREME-4	8.9e-015	ACE1_Fd33_9_A	13.52	tp	0
4-TACTAATC	STREME-4	8.9e-015	ACE1_Ng5_1_A	13.52	tp	0
4-TACTAATC	STREME-4	8.9e-015	ACE1_Ng5_2_A	13.52	tp	0
4-TACTAATC	STREME-4	8.9e-015	ACE1_Fd03_1_B	13.52	tp	0
4-TACTAATC	STREME-4	8.9e-015	LRIM_Fd03_3_B	13.48	tp	0
4-TACTAATC	STREME-4	8.9e-015	LRIM_ECO2Fd03_3_A	13.48	tp	0
4-TACTAATC	STREME-4	8.9e-015	LRIM_Fd09_3_A	13.48	tp	0
4-TACTAATC	STREME-4	8.9e-015	LRIM_Fd05_1_B	13.48	tp	0
4-TACTAATC	STREME-4	8.9e-015	LRIM_ECO1Fd05_1_A	13.48	tp	0
4-TACTAATC	STREME-4	8.9e-015	APT2_ECO1_Ng1_B	12.82	tp	0
4-TACTAATC	STREME-4	8.9e-015	APT2_Ng3_A	12.82	tp	0
4-TACTAATC	STREME-4	8.9e-015	APT2_Ng1_A	12.82	tp	0
4-TACTAATC	STREME-4	8.9e-015	APT2_Ng4_B	12.82	tp	0
4-TACTAATC	STREME-4	8.9e-015	APT2_Ng2_A	12.82	tp	0
4-TACTAATC	STREME-4	8.9e-015	APT2_ECO1_Ng4_A	12.82	tp	0
4-TACTAATC	STREME-4	8.9e-015	APT2_ECO1_Ng4_A	12.82	fp	0
4-TACTAATC	STREME-4	8.9e-015	KLF_ECO1Fd05_1_B	12.80	tp	0
4-TACTAATC	STREME-4	8.9e-015	KLF_Fd05_1_A	12.80	tp	0
4-TACTAATC	STREME-4	8.9e-015	KLF_Fd03_3_A	12.80	tp	0
4-TACTAATC	STREME-4	8.9e-015	KLF_Fd09_1_A	12.80	tp	0
4-TACTAATC	STREME-4	8.9e-015	KLF_ECO1Fd09_1_B	12.80	tp	0
4-TACTAATC	STREME-4	8.9e-015	ACE1_Fd09_1_A	12.80	fp	0
4-TACTAATC	STREME-4	8.9e-015	OVO_Fd09_3_B	12.02	tp	0
4-TACTAATC	STREME-4	8.9e-015	OVO_Fd03_8_A	12.02	tp	0
4-TACTAATC	STREME-4	8.9e-015	OVO_Fd05_4_B	12.02	tp	0
#
5-CACACACACACACAA	STREME-5	3.2e-014	KLF_ECO1Fd05_1_B	21.80	tp	0
5-CACACACACACACAA	STREME-5	3.2e-014	KLF_Fd05_1_A	21.80	tp	0
5-CACACACACACACAA	STREME-5	3.2e-014	KLF_Fd03_3_A	21.80	tp	0
5-CACACACACACACAA	STREME-5	3.2e-014	RDL_Fd09_1_B	21.80	tp	0
5-CACACACACACACAA	STREME-5	3.2e-014	ACE1_Fd09_1_A	20.33	tp	0
5-CACACACACACACAA	STREME-5	3.2e-014	ACE1_Fd33_6_B	20.33	tp	0
5-CACACACACACACAA	STREME-5	3.2e-014	ACE1_Fd05_3_B	20.33	tp	0
5-CACACACACACACAA	STREME-5	3.2e-014	ACE1_Fd33_7_B	20.33	tp	0
5-CACACACACACACAA	STREME-5	3.2e-014	ACE1_Ng3_1_A	19.74	tp	0
5-CACACACACACACAA	STREME-5	3.2e-014	ACE1_Fd33_9_A	19.74	tp	0
5-CACACACACACACAA	STREME-5	3.2e-014	ACE1_Ng5_1_A	19.74	tp	0
5-CACACACACACACAA	STREME-5	3.2e-014	ACE1_Ng5_2_A	19.74	tp	0
5-CACACACACACACAA	STREME-5	3.2e-014	ACE1_Fd03_1_B	19.74	tp	0
5-CACACACACACACAA	STREME-5	3.2e-014	APT2_ECO1_Ng1_B	19.71	tp	0
5-CACACACACACACAA	STREME-5	3.2e-014	APT2_Ng3_A	19.71	tp	0
5-CACACACACACACAA	STREME-5	3.2e-014	APT2_Ng1_A	19.71	tp	0
5-CACACACACACACAA	STREME-5	3.2e-014	APT2_Ng4_B	19.71	tp	0
5-CACACACACACACAA	STREME-5	3.2e-014	APT2_Ng2_A	19.71	tp	0
5-CACACACACACACAA	STREME-5	3.2e-014	APT2_ECO1_Ng4_A	19.71	tp	0
5-CACACACACACACAA	STREME-5	3.2e-014	KLF_Fd09_1_A	18.51	tp	0
5-CACACACACACACAA	STREME-5	3.2e-014	KLF_ECO1Fd09_1_B	18.51	tp	0
5-CACACACACACACAA	STREME-5	3.2e-014	LRIM_Fd09_3_A	17.95	tp	0
5-CACACACACACACAA	STREME-5	3.2e-014	LRIM_Fd05_1_B	17.95	tp	0
5-CACACACACACACAA	STREME-5	3.2e-014	LRIM_ECO1Fd05_1_A	17.95	tp	0
5-CACACACACACACAA	STREME-5	3.2e-014	LRIM_Fd03_3_B	17.92	tp	0
5-CACACACACACACAA	STREME-5	3.2e-014	LRIM_ECO2Fd03_3_A	17.92	tp	0
5-CACACACACACACAA	STREME-5	3.2e-014	RDL_Fd03_2_B	17.67	tp	0
5-CACACACACACACAA	STREME-5	3.2e-014	RDL_Fd05_3_A	17.67	tp	0
