motif_id	motif_alt_id	sequence_name	start	stop	strand	score	p-value	q-value	matched_sequence
53-CACACACACAC	STREME-53	RDL_Fd09_1_A	76	86	-	20.7927	2.05e-07	0.000236	CACACACACAC
53-CACACACACAC	STREME-53	RDL_Fd09_1_A	78	88	-	20.7927	2.05e-07	0.000236	CACACACACAC
53-CACACACACAC	STREME-53	RDL_Fd09_1_A	80	90	-	20.7927	2.05e-07	0.000236	CACACACACAC
53-CACACACACAC	STREME-53	RDL_Fd09_1_A	82	92	-	20.7927	2.05e-07	0.000236	CACACACACAC
53-CACACACACAC	STREME-53	RDL_Fd09_1_A	84	94	-	20.7927	2.05e-07	0.000236	CACACACACAC
53-CACACACACAC	STREME-53	RDL_Fd09_1_A	289	299	-	20.7927	2.05e-07	0.000236	CACACACACAC
53-CACACACACAC	STREME-53	RDL_Fd09_1_A	291	301	-	20.7927	2.05e-07	0.000236	CACACACACAC
30-CTCCTCCTCC	STREME-30	RDL_Fd09_1_A	135	144	-	17.5395	6.13e-07	0.00298	CTCCTCCTCC
30-CTCCTCCTCC	STREME-30	RDL_Fd05_3_A	125	134	-	16.5	1.12e-06	0.00298	CCCCTCCTCC
30-CTCCTCCTCC	STREME-30	RDL_Fd03_2_A	125	134	-	16.5	1.12e-06	0.00298	CCCCTCCTCC
82-GGCAAAGGAAG	STREME-82	RDL_Fd05_3_A	458	468	+	16.0204	2.36e-06	0.00655	AGCAAAGGAAG
82-GGCAAAGGAAG	STREME-82	RDL_Fd03_2_A	458	468	+	16.0204	2.36e-06	0.00655	AGCAAAGGAAG
82-GGCAAAGGAAG	STREME-82	RDL_Fd09_1_A	478	488	+	16.0204	2.36e-06	0.00655	AGCAAAGGAAG
27-TATATCGAAAACACA	STREME-27	RDL_Fd05_3_A	961	975	+	5.02041	2.61e-06	0.00723	TTTATCGAAAGTACA
27-TATATCGAAAACACA	STREME-27	RDL_Fd03_2_A	961	975	+	5.02041	2.61e-06	0.00723	TTTATCGAAAGTACA
27-TATATCGAAAACACA	STREME-27	RDL_Fd09_1_A	981	995	+	5.02041	2.61e-06	0.00723	TTTATCGAAAGTACA
24-GCAGCGAAAACATCG	STREME-24	RDL_Fd05_3_A	796	810	-	4.86517	5.59e-06	0.0225	TCAACGAAAACCTCG
24-GCAGCGAAAACATCG	STREME-24	RDL_Fd09_1_A	816	830	-	4.86517	5.59e-06	0.0225	TCAACGAAAACCTCG
27-TATATCGAAAACACA	STREME-27	RDL_Fd05_3_A	909	923	+	0.112245	7.35e-06	0.0102	GATTTCGTAAACACA
27-TATATCGAAAACACA	STREME-27	RDL_Fd03_2_A	909	923	+	0.112245	7.35e-06	0.0102	GATTTCGTAAACACA
27-TATATCGAAAACACA	STREME-27	RDL_Fd09_1_A	929	943	+	0.112245	7.35e-06	0.0102	GATTTCGTAAACACA
53-CACACACACAC	STREME-53	RDL_Fd09_1_A	287	297	-	9.2439	8.26e-06	0.0033	CACACACACCC
53-CACACACACAC	STREME-53	RDL_Fd09_1_A	70	80	-	9.15854	8.89e-06	0.0033	CACACAAACAC
54-AGCGAACGA	STREME-54	RDL_Fd03_2_A	1210	1218	+	15.1098	9.34e-06	0.0253	GGCGAACGA
54-AGCGAACGA	STREME-54	RDL_Fd05_3_A	1210	1218	+	15.1098	9.34e-06	0.0253	GGCGAACGA
54-AGCGAACGA	STREME-54	RDL_Fd09_1_A	1230	1238	+	15.1098	9.34e-06	0.0253	GGCGAACGA
19-CTTGACGGTCCAA	STREME-19	RDL_Fd05_3_A	1007	1019	-	6.16327	9.56e-06	0.0266	CTTTACCGTCCAA
19-CTTGACGGTCCAA	STREME-19	RDL_Fd03_2_A	1007	1019	-	6.16327	9.56e-06	0.0266	CTTTACCGTCCAA
19-CTTGACGGTCCAA	STREME-19	RDL_Fd09_1_A	1027	1039	-	6.16327	9.56e-06	0.0266	CTTTACCGTCCAA
64-CGGCACACG	STREME-64	RDL_Fd05_3_A	94	102	+	13.1316	9.9e-06	0.0269	CGGCACACA
64-CGGCACACG	STREME-64	RDL_Fd03_2_A	94	102	+	13.1316	9.9e-06	0.0269	CGGCACACA
64-CGGCACACG	STREME-64	RDL_Fd09_1_A	104	112	+	13.1316	9.9e-06	0.0269	CGGCACACA
53-CACACACACAC	STREME-53	RDL_Fd09_1_A	285	295	-	8.92683	1.02e-05	0.0033	CACACACCCAC
53-CACACACACAC	STREME-53	RDL_Fd09_1_A	68	78	-	8.78049	1.07e-05	0.0033	CACAAACACAC
53-CACACACACAC	STREME-53	RDL_Fd05_3_A	80	90	-	8.78049	1.07e-05	0.0033	CACAAACACAC
53-CACACACACAC	STREME-53	RDL_Fd03_2_A	80	90	-	8.78049	1.07e-05	0.0033	CACAAACACAC
53-CACACACACAC	STREME-53	RDL_Fd09_1_A	90	100	-	8.78049	1.07e-05	0.0033	CACAAACACAC
53-CACACACACAC	STREME-53	RDL_Fd03_2_A	271	281	-	8.78049	1.07e-05	0.0033	CACAAACACAC
53-CACACACACAC	STREME-53	RDL_Fd05_3_A	271	281	-	8.78049	1.07e-05	0.0033	CACAAACACAC
53-CACACACACAC	STREME-53	RDL_Fd03_2_A	66	76	-	8.70732	1.27e-05	0.0033	CAAACACACAC
53-CACACACACAC	STREME-53	RDL_Fd05_3_A	66	76	-	8.70732	1.27e-05	0.0033	CAAACACACAC
53-CACACACACAC	STREME-53	RDL_Fd09_1_A	66	76	-	8.70732	1.27e-05	0.0033	CAAACACACAC
53-CACACACACAC	STREME-53	RDL_Fd09_1_A	72	82	-	8.70732	1.27e-05	0.0033	CACACACAAAC
53-CACACACACAC	STREME-53	RDL_Fd09_1_A	74	84	-	8.70732	1.27e-05	0.0033	CACACACACAA
53-CACACACACAC	STREME-53	RDL_Fd09_1_A	86	96	-	8.70732	1.27e-05	0.0033	AACACACACAC
53-CACACACACAC	STREME-53	RDL_Fd09_1_A	88	98	-	8.70732	1.27e-05	0.0033	CAAACACACAC
53-CACACACACAC	STREME-53	RDL_Fd05_3_A	269	279	-	8.70732	1.27e-05	0.0033	CAAACACACAC
53-CACACACACAC	STREME-53	RDL_Fd03_2_A	269	279	-	8.70732	1.27e-05	0.0033	CAAACACACAC
53-CACACACACAC	STREME-53	RDL_Fd03_2_A	397	407	-	8.70732	1.27e-05	0.0033	AACACACACAC
53-CACACACACAC	STREME-53	RDL_Fd05_3_A	397	407	-	8.70732	1.27e-05	0.0033	AACACACACAC
53-CACACACACAC	STREME-53	RDL_Fd09_1_A	417	427	-	8.70732	1.27e-05	0.0033	AACACACACAC
53-CACACACACAC	STREME-53	RDL_Fd03_2_A	666	676	-	8.70732	1.27e-05	0.0033	AACACACACAC
53-CACACACACAC	STREME-53	RDL_Fd05_3_A	666	676	-	8.70732	1.27e-05	0.0033	AACACACACAC
53-CACACACACAC	STREME-53	RDL_Fd09_1_A	686	696	-	8.70732	1.27e-05	0.0033	AACACACACAC
51-CCGTTTCCG	STREME-51	RDL_Fd05_3_A	507	515	-	12.5921	2.21e-05	0.0288	CCATTTCCG
51-CCGTTTCCG	STREME-51	RDL_Fd03_2_A	507	515	-	12.5921	2.21e-05	0.0288	CCATTTCCG
51-CCGTTTCCG	STREME-51	RDL_Fd09_1_A	527	535	-	12.5921	2.21e-05	0.0288	CCATTTCCG
51-CCGTTTCCG	STREME-51	RDL_Fd03_2_A	901	909	-	12.5921	2.21e-05	0.0288	CCGTTTCCA
51-CCGTTTCCG	STREME-51	RDL_Fd05_3_A	901	909	-	12.5921	2.21e-05	0.0288	CCGTTTCCA
51-CCGTTTCCG	STREME-51	RDL_Fd09_1_A	921	929	-	12.5921	2.21e-05	0.0288	CCGTTTCCA
53-CACACACACAC	STREME-53	RDL_Fd05_3_A	664	674	-	6.96341	2.4e-05	0.0057	CACACACACGA
53-CACACACACAC	STREME-53	RDL_Fd03_2_A	664	674	-	6.96341	2.4e-05	0.0057	CACACACACGA
53-CACACACACAC	STREME-53	RDL_Fd09_1_A	684	694	-	6.96341	2.4e-05	0.0057	CACACACACGA
48-CTTCCCGTC	STREME-48	RDL_Fd05_3_A	129	137	-	12.7805	2.42e-05	0.099	CTTCCCCTC
48-CTTCCCGTC	STREME-48	RDL_Fd03_2_A	129	137	-	12.7805	2.42e-05	0.099	CTTCCCCTC
30-CTCCTCCTCC	STREME-30	RDL_Fd09_1_A	138	147	-	12.5395	2.66e-05	0.0317	CTTCTCCTCC
30-CTCCTCCTCC	STREME-30	RDL_Fd05_3_A	1136	1145	-	12.4868	2.76e-05	0.0317	CCCCCCCTCC
30-CTCCTCCTCC	STREME-30	RDL_Fd03_2_A	1136	1145	-	12.4868	2.76e-05	0.0317	CCCCCCCTCC
30-CTCCTCCTCC	STREME-30	RDL_Fd09_1_A	1156	1165	-	12.4868	2.76e-05	0.0317	CCCCCCCTCC
3-RTTTCCGGT	STREME-3	RDL_Fd03_2_A	800	808	+	12.9286	2.8e-05	0.0641	GTTTCCGTT
49-AACAACAACA	STREME-49	RDL_Fd05_3_A	485	494	+	9.2551	3.07e-05	0.0542	AACAACAGCA
49-AACAACAACA	STREME-49	RDL_Fd03_2_A	485	494	+	9.2551	3.07e-05	0.0542	AACAACAGCA
49-AACAACAACA	STREME-49	RDL_Fd09_1_A	505	514	+	9.2551	3.07e-05	0.0542	AACAACAGCA
60-GCAGCCACAAAAAA	STREME-60	RDL_Fd03_2_A	607	620	-	10.5212	3.55e-05	0.0465	GCAGACCAAAAAAA
60-GCAGCCACAAAAAA	STREME-60	RDL_Fd05_3_A	607	620	-	10.5212	3.55e-05	0.0465	GCAGACCAAAAAAA
60-GCAGCCACAAAAAA	STREME-60	RDL_Fd09_1_A	627	640	-	10.5212	3.55e-05	0.0465	GCAGACCAAAAAAA
60-GCAGCCACAAAAAA	STREME-60	RDL_Fd03_2_A	686	699	-	10.5212	3.55e-05	0.0465	GCAGCAATACAAAA
60-GCAGCCACAAAAAA	STREME-60	RDL_Fd05_3_A	686	699	-	10.5212	3.55e-05	0.0465	GCAGCAATACAAAA
60-GCAGCCACAAAAAA	STREME-60	RDL_Fd09_1_A	706	719	-	10.5212	3.55e-05	0.0465	GCAGCAATACAAAA
39-CCCCCTC	STREME-39	RDL_Fd05_3_A	1137	1143	-	13.2778	3.6e-05	0.0995	CCCCCTC
39-CCCCCTC	STREME-39	RDL_Fd03_2_A	1137	1143	-	13.2778	3.6e-05	0.0995	CCCCCTC
39-CCCCCTC	STREME-39	RDL_Fd09_1_A	1157	1163	-	13.2778	3.6e-05	0.0995	CCCCCTC
73-GCGCGAG	STREME-73	RDL_Fd05_3_A	243	249	+	13.3537	3.6e-05	0.0924	GCGCGAG
73-GCGCGAG	STREME-73	RDL_Fd03_2_A	243	249	+	13.3537	3.6e-05	0.0924	GCGCGAG
73-GCGCGAG	STREME-73	RDL_Fd09_1_A	259	265	+	13.3537	3.6e-05	0.0924	GCGCGAG
76-GGGCAAGA	STREME-76	RDL_Fd05_3_A	131	138	+	13.2022	3.62e-05	0.144	GGGGAAGA
76-GGGCAAGA	STREME-76	RDL_Fd03_2_A	131	138	+	13.2022	3.62e-05	0.144	GGGGAAGA
58-GATACAACAACCCW	STREME-58	RDL_Fd05_3_A	42	55	-	3.05505	3.81e-05	0.312	GATCCAACAACGCC
20-CTTTTGTGGCAAAC	STREME-20	RDL_Fd05_3_A	352	365	+	-2.07143	3.92e-05	0.0744	CATTGGTCGCAAAC
20-CTTTTGTGGCAAAC	STREME-20	RDL_Fd03_2_A	352	365	+	-2.07143	3.92e-05	0.0744	CATTGGTCGCAAAC
20-CTTTTGTGGCAAAC	STREME-20	RDL_Fd09_1_A	372	385	+	-2.07143	3.92e-05	0.0744	CATTGGTCGCAAAC
1-RCCGGAAGYGR	STREME-1	RDL_Fd03_2_A	535	545	-	12.2879	3.93e-05	0.105	CCCGGAAGCGC
1-RCCGGAAGYGR	STREME-1	RDL_Fd05_3_A	535	545	-	12.2879	3.93e-05	0.105	CCCGGAAGCGC
1-RCCGGAAGYGR	STREME-1	RDL_Fd09_1_A	555	565	-	12.2879	3.93e-05	0.105	CCCGGAAGCGC
69-CGCACCACAG	STREME-69	RDL_Fd03_2_A	219	228	+	11.8289	3.96e-05	0.124	CACACCATAG
69-CGCACCACAG	STREME-69	RDL_Fd05_3_A	219	228	+	11.8289	3.96e-05	0.124	CACACCATAG
49-AACAACAACA	STREME-49	RDL_Fd05_3_A	149	158	+	9.03061	4.06e-05	0.0542	AACAAAAACA
49-AACAACAACA	STREME-49	RDL_Fd03_2_A	149	158	+	9.03061	4.06e-05	0.0542	AACAAAAACA
49-AACAACAACA	STREME-49	RDL_Fd09_1_A	159	168	+	9.03061	4.06e-05	0.0542	AACAAAAACA
42-ATCGAGAACAGAAT	STREME-42	RDL_Fd05_3_A	53	66	+	-2.02041	4.32e-05	0.357	ATCGAGGAAAAAAG
7-CTTCCGC	STREME-7	RDL_Fd05_3_A	866	872	+	13.2368	4.39e-05	0.117	CTTCCGC
7-CTTCCGC	STREME-7	RDL_Fd03_2_A	866	872	+	13.2368	4.39e-05	0.117	CTTCCGC
7-CTTCCGC	STREME-7	RDL_Fd09_1_A	886	892	+	13.2368	4.39e-05	0.117	CTTCCGC
47-GATAACGM	STREME-47	RDL_Fd03_2_A	239	246	+	12.3421	4.46e-05	0.0592	GATAGCGC
47-GATAACGM	STREME-47	RDL_Fd05_3_A	239	246	+	12.3421	4.46e-05	0.0592	GATAGCGC
47-GATAACGM	STREME-47	RDL_Fd09_1_A	255	262	+	12.3421	4.46e-05	0.0592	GATAGCGC
47-GATAACGM	STREME-47	RDL_Fd03_2_A	531	538	+	12.3421	4.46e-05	0.0592	GATAGCGC
47-GATAACGM	STREME-47	RDL_Fd05_3_A	531	538	+	12.3421	4.46e-05	0.0592	GATAGCGC
47-GATAACGM	STREME-47	RDL_Fd09_1_A	551	558	+	12.3421	4.46e-05	0.0592	GATAGCGC
3-RTTTCCGGT	STREME-3	RDL_Fd03_2_A	505	513	-	12.2286	4.63e-05	0.0641	ATTTCCGGG
3-RTTTCCGGT	STREME-3	RDL_Fd05_3_A	505	513	-	12.2286	4.63e-05	0.0641	ATTTCCGGG
3-RTTTCCGGT	STREME-3	RDL_Fd09_1_A	525	533	-	12.2286	4.63e-05	0.0641	ATTTCCGGG
19-CTTGACGGTCCAA	STREME-19	RDL_Fd09_1_A	1283	1295	-	-3.2449	4.72e-05	0.0984	CGTGACGCACCAA
53-CACACACACAC	STREME-53	RDL_Fd05_3_A	261	271	-	4.97561	4.78e-05	0.0104	CACAGTCACAC
53-CACACACACAC	STREME-53	RDL_Fd03_2_A	261	271	-	4.97561	4.78e-05	0.0104	CACAGTCACAC
53-CACACACACAC	STREME-53	RDL_Fd09_1_A	277	287	-	4.97561	4.78e-05	0.0104	CACAGTCACAC
10-CTTCCTGC	STREME-10	RDL_Fd05_3_A	341	348	-	11.6842	5.13e-05	0.135	CTGCCTGC
10-CTTCCTGC	STREME-10	RDL_Fd03_2_A	341	348	-	11.6842	5.13e-05	0.135	CTGCCTGC
10-CTTCCTGC	STREME-10	RDL_Fd09_1_A	361	368	-	11.6842	5.13e-05	0.135	CTGCCTGC
30-CTCCTCCTCC	STREME-30	RDL_Fd05_3_A	122	131	-	11.5	5.14e-05	0.0458	CTCCTCCACT
30-CTCCTCCTCC	STREME-30	RDL_Fd03_2_A	122	131	-	11.5	5.14e-05	0.0458	CTCCTCCACT
61-CGCWTCA	STREME-61	RDL_Fd05_3_A	870	876	+	13.1939	5.35e-05	0.145	CGCTTCA
61-CGCWTCA	STREME-61	RDL_Fd03_2_A	870	876	+	13.1939	5.35e-05	0.145	CGCTTCA
61-CGCWTCA	STREME-61	RDL_Fd09_1_A	890	896	+	13.1939	5.35e-05	0.145	CGCTTCA
57-CAAAACACAAAAAA	STREME-57	RDL_Fd03_2_A	74	87	-	9.72121	5.6e-05	0.0888	AAACACACAAACAA
57-CAAAACACAAAAAA	STREME-57	RDL_Fd05_3_A	74	87	-	9.72121	5.6e-05	0.0888	AAACACACAAACAA
57-CAAAACACAAAAAA	STREME-57	RDL_Fd03_2_A	606	619	-	9.72121	5.6e-05	0.0888	CAGACCAAAAAAAA
57-CAAAACACAAAAAA	STREME-57	RDL_Fd05_3_A	606	619	-	9.72121	5.6e-05	0.0888	CAGACCAAAAAAAA
57-CAAAACACAAAAAA	STREME-57	RDL_Fd09_1_A	626	639	-	9.72121	5.6e-05	0.0888	CAGACCAAAAAAAA
3-RTTTCCGGT	STREME-3	RDL_Fd03_2_A	522	530	-	11.9	5.64e-05	0.0641	GTTTCCTGT
3-RTTTCCGGT	STREME-3	RDL_Fd05_3_A	522	530	-	11.9	5.64e-05	0.0641	GTTTCCTGT
3-RTTTCCGGT	STREME-3	RDL_Fd09_1_A	542	550	-	11.9	5.64e-05	0.0641	GTTTCCTGT
82-GGCAAAGGAAG	STREME-82	RDL_Fd03_2_A	732	742	+	8.97959	5.74e-05	0.0574	GCAAAAGGAAT
82-GGCAAAGGAAG	STREME-82	RDL_Fd05_3_A	732	742	+	8.97959	5.74e-05	0.0574	GCAAAAGGAAT
82-GGCAAAGGAAG	STREME-82	RDL_Fd09_1_A	752	762	+	8.97959	5.74e-05	0.0574	GCAAAAGGAAT
2-SYGATAAGV	STREME-2	RDL_Fd05_3_A	998	1006	+	12.3143	5.79e-05	0.158	GCGATAACA
2-SYGATAAGV	STREME-2	RDL_Fd03_2_A	998	1006	+	12.3143	5.79e-05	0.158	GCGATAACA
2-SYGATAAGV	STREME-2	RDL_Fd09_1_A	1018	1026	+	12.3143	5.79e-05	0.158	GCGATAACA
72-GCACACACA	STREME-72	RDL_Fd05_3_A	258	266	-	10.4444	5.91e-05	0.164	TCACACAGA
72-GCACACACA	STREME-72	RDL_Fd03_2_A	258	266	-	10.4444	5.91e-05	0.164	TCACACAGA
72-GCACACACA	STREME-72	RDL_Fd09_1_A	274	282	-	10.4444	5.91e-05	0.164	TCACACAGA
49-AACAACAACA	STREME-49	RDL_Fd09_1_A	41	50	-	7.77551	6.02e-05	0.0542	AACAACGCCA
49-AACAACAACA	STREME-49	RDL_Fd05_3_A	41	50	-	7.77551	6.02e-05	0.0542	AACAACGCCA
49-AACAACAACA	STREME-49	RDL_Fd03_2_A	41	50	-	7.77551	6.02e-05	0.0542	AACAACGCCA
20-CTTTTGTGGCAAAC	STREME-20	RDL_Fd09_1_A	17	30	+	-5.4898	6.13e-05	0.0744	CTTTTGTTTCCCCC
20-CTTTTGTGGCAAAC	STREME-20	RDL_Fd03_2_A	17	30	+	-5.4898	6.13e-05	0.0744	CTTTTGTTTCCCCC
20-CTTTTGTGGCAAAC	STREME-20	RDL_Fd05_3_A	17	30	+	-5.4898	6.13e-05	0.0744	CTTTTGTTTCCCCC
82-GGCAAAGGAAG	STREME-82	RDL_Fd05_3_A	508	518	+	8.83673	6.2e-05	0.0574	GGAAATGGATG
82-GGCAAAGGAAG	STREME-82	RDL_Fd03_2_A	508	518	+	8.83673	6.2e-05	0.0574	GGAAATGGATG
82-GGCAAAGGAAG	STREME-82	RDL_Fd09_1_A	528	538	+	8.83673	6.2e-05	0.0574	GGAAATGGATG
50-ACACACA	STREME-50	RDL_Fd09_1_A	67	73	-	13.2061	6.51e-05	0.0165	ACACACA
50-ACACACA	STREME-50	RDL_Fd05_3_A	67	73	-	13.2061	6.51e-05	0.0165	ACACACA
50-ACACACA	STREME-50	RDL_Fd03_2_A	67	73	-	13.2061	6.51e-05	0.0165	ACACACA
50-ACACACA	STREME-50	RDL_Fd09_1_A	75	81	-	13.2061	6.51e-05	0.0165	ACACACA
50-ACACACA	STREME-50	RDL_Fd09_1_A	77	83	-	13.2061	6.51e-05	0.0165	ACACACA
50-ACACACA	STREME-50	RDL_Fd09_1_A	79	85	-	13.2061	6.51e-05	0.0165	ACACACA
50-ACACACA	STREME-50	RDL_Fd05_3_A	79	85	-	13.2061	6.51e-05	0.0165	ACACACA
50-ACACACA	STREME-50	RDL_Fd03_2_A	79	85	-	13.2061	6.51e-05	0.0165	ACACACA
50-ACACACA	STREME-50	RDL_Fd09_1_A	81	87	-	13.2061	6.51e-05	0.0165	ACACACA
50-ACACACA	STREME-50	RDL_Fd09_1_A	83	89	-	13.2061	6.51e-05	0.0165	ACACACA
50-ACACACA	STREME-50	RDL_Fd09_1_A	85	91	-	13.2061	6.51e-05	0.0165	ACACACA
50-ACACACA	STREME-50	RDL_Fd09_1_A	87	93	-	13.2061	6.51e-05	0.0165	ACACACA
50-ACACACA	STREME-50	RDL_Fd09_1_A	89	95	-	13.2061	6.51e-05	0.0165	ACACACA
50-ACACACA	STREME-50	RDL_Fd05_3_A	268	274	-	13.2061	6.51e-05	0.0165	ACACACA
50-ACACACA	STREME-50	RDL_Fd03_2_A	268	274	-	13.2061	6.51e-05	0.0165	ACACACA
50-ACACACA	STREME-50	RDL_Fd03_2_A	270	276	-	13.2061	6.51e-05	0.0165	ACACACA
50-ACACACA	STREME-50	RDL_Fd05_3_A	270	276	-	13.2061	6.51e-05	0.0165	ACACACA
50-ACACACA	STREME-50	RDL_Fd09_1_A	290	296	-	13.2061	6.51e-05	0.0165	ACACACA
50-ACACACA	STREME-50	RDL_Fd09_1_A	292	298	-	13.2061	6.51e-05	0.0165	ACACACA
50-ACACACA	STREME-50	RDL_Fd09_1_A	294	300	-	13.2061	6.51e-05	0.0165	ACACACA
50-ACACACA	STREME-50	RDL_Fd05_3_A	398	404	-	13.2061	6.51e-05	0.0165	ACACACA
50-ACACACA	STREME-50	RDL_Fd03_2_A	398	404	-	13.2061	6.51e-05	0.0165	ACACACA
50-ACACACA	STREME-50	RDL_Fd05_3_A	400	406	-	13.2061	6.51e-05	0.0165	ACACACA
50-ACACACA	STREME-50	RDL_Fd03_2_A	400	406	-	13.2061	6.51e-05	0.0165	ACACACA
50-ACACACA	STREME-50	RDL_Fd09_1_A	418	424	-	13.2061	6.51e-05	0.0165	ACACACA
50-ACACACA	STREME-50	RDL_Fd09_1_A	420	426	-	13.2061	6.51e-05	0.0165	ACACACA
50-ACACACA	STREME-50	RDL_Fd05_3_A	667	673	-	13.2061	6.51e-05	0.0165	ACACACA
50-ACACACA	STREME-50	RDL_Fd03_2_A	667	673	-	13.2061	6.51e-05	0.0165	ACACACA
50-ACACACA	STREME-50	RDL_Fd03_2_A	669	675	-	13.2061	6.51e-05	0.0165	ACACACA
50-ACACACA	STREME-50	RDL_Fd05_3_A	669	675	-	13.2061	6.51e-05	0.0165	ACACACA
50-ACACACA	STREME-50	RDL_Fd09_1_A	687	693	-	13.2061	6.51e-05	0.0165	ACACACA
50-ACACACA	STREME-50	RDL_Fd09_1_A	689	695	-	13.2061	6.51e-05	0.0165	ACACACA
53-CACACACACAC	STREME-53	RDL_Fd05_3_A	253	263	-	4.46341	6.57e-05	0.0133	CACAGACAAAC
53-CACACACACAC	STREME-53	RDL_Fd03_2_A	253	263	-	4.46341	6.57e-05	0.0133	CACAGACAAAC
53-CACACACACAC	STREME-53	RDL_Fd09_1_A	269	279	-	4.46341	6.57e-05	0.0133	CACAGACAAAC
24-GCAGCGAAAACATCG	STREME-24	RDL_Fd03_2_A	796	810	-	-4.95506	6.96e-05	0.187	TCAACGGAAACCTCG
51-CCGTTTCCG	STREME-51	RDL_Fd05_3_A	535	543	+	11.2763	7.03e-05	0.0613	GCGCTTCCG
51-CCGTTTCCG	STREME-51	RDL_Fd03_2_A	535	543	+	11.2763	7.03e-05	0.0613	GCGCTTCCG
51-CCGTTTCCG	STREME-51	RDL_Fd09_1_A	555	563	+	11.2763	7.03e-05	0.0613	GCGCTTCCG
20-CTTTTGTGGCAAAC	STREME-20	RDL_Fd05_3_A	210	223	+	-5.81633	7.35e-05	0.0744	CTTTTTAGCCACAC
20-CTTTTGTGGCAAAC	STREME-20	RDL_Fd03_2_A	210	223	+	-5.81633	7.35e-05	0.0744	CTTTTTAGCCACAC
69-CGCACCACAG	STREME-69	RDL_Fd03_2_A	1195	1204	+	10.8684	7.58e-05	0.124	GAGACCACAG
69-CGCACCACAG	STREME-69	RDL_Fd05_3_A	1195	1204	+	10.8684	7.58e-05	0.124	GAGACCACAG
69-CGCACCACAG	STREME-69	RDL_Fd09_1_A	1215	1224	+	10.8684	7.58e-05	0.124	GAGACCACAG
11-WCSRSCGSMM	STREME-11	RDL_Fd05_3_A	1252	1261	-	11.7879	7.86e-05	0.203	TCCAGCGCCT
11-WCSRSCGSMM	STREME-11	RDL_Fd03_2_A	1252	1261	-	11.7879	7.86e-05	0.203	TCCAGCGCCT
11-WCSRSCGSMM	STREME-11	RDL_Fd09_1_A	1272	1281	-	11.7879	7.86e-05	0.203	TCCAGCGCCT
54-AGCGAACGA	STREME-54	RDL_Fd03_2_A	1297	1305	+	9.86585	8.7e-05	0.118	CGAGAACGA
54-AGCGAACGA	STREME-54	RDL_Fd05_3_A	1297	1305	+	9.86585	8.7e-05	0.118	CGAGAACGA
54-AGCGAACGA	STREME-54	RDL_Fd09_1_A	1317	1325	+	9.86585	8.7e-05	0.118	CGAGAACGA
4-CGCKMTCGYYC	STREME-4	RDL_Fd05_3_A	1209	1219	-	11.1364	8.84e-05	0.13	CTCGTTCGCCC
4-CGCKMTCGYYC	STREME-4	RDL_Fd03_2_A	1209	1219	-	11.1364	8.84e-05	0.13	CTCGTTCGCCC
4-CGCKMTCGYYC	STREME-4	RDL_Fd09_1_A	1229	1239	-	11.1364	8.84e-05	0.13	CTCGTTCGCCC
33-CATTAAGCGCAAA	STREME-33	RDL_Fd05_3_A	352	364	+	8.44242	8.89e-05	0.247	CATTGGTCGCAAA
33-CATTAAGCGCAAA	STREME-33	RDL_Fd03_2_A	352	364	+	8.44242	8.89e-05	0.247	CATTGGTCGCAAA
33-CATTAAGCGCAAA	STREME-33	RDL_Fd09_1_A	372	384	+	8.44242	8.89e-05	0.247	CATTGGTCGCAAA
29-ACAACCGAAAC	STREME-29	RDL_Fd03_2_A	800	810	-	10.1333	9.03e-05	0.718	TCAACGGAAAC
6-ACCGGATG	STREME-6	RDL_Fd05_3_A	538	545	-	10.7857	9.04e-05	0.236	CCCGGAAG
6-ACCGGATG	STREME-6	RDL_Fd03_2_A	538	545	-	10.7857	9.04e-05	0.236	CCCGGAAG
6-ACCGGATG	STREME-6	RDL_Fd09_1_A	558	565	-	10.7857	9.04e-05	0.236	CCCGGAAG
1-RCCGGAAGYGR	STREME-1	RDL_Fd03_2_A	863	873	-	10.7273	9.09e-05	0.121	AGCGGAAGCTT
1-RCCGGAAGYGR	STREME-1	RDL_Fd05_3_A	863	873	-	10.7273	9.09e-05	0.121	AGCGGAAGCTT
1-RCCGGAAGYGR	STREME-1	RDL_Fd09_1_A	883	893	-	10.7273	9.09e-05	0.121	AGCGGAAGCTT
56-GCCGGCACT	STREME-56	RDL_Fd05_3_A	1269	1277	-	10.8026	9.43e-05	0.378	GCCGTAACG
56-GCCGGCACT	STREME-56	RDL_Fd03_2_A	1269	1277	-	10.8026	9.43e-05	0.378	GCCGTAACG
23-ACAACCGAAACGTGC	STREME-23	RDL_Fd09_1_A	1373	1387	-	-8.4898	9.92e-05	0.821	AAGACCGAACTGTGG
4-CGCKMTCGYYC	STREME-4	RDL_Fd05_3_A	235	245	-	10.9848	9.97e-05	0.13	CGCTATCGATG
4-CGCKMTCGYYC	STREME-4	RDL_Fd03_2_A	235	245	-	10.9848	9.97e-05	0.13	CGCTATCGATG
4-CGCKMTCGYYC	STREME-4	RDL_Fd09_1_A	251	261	-	10.9848	9.97e-05	0.13	CGCTATCGATG

# FIMO (Find Individual Motif Occurrences): Version 5.4.1 compiled on Sep 12 2021 at 23:19:41
# The format of this file is described at https://meme-suite.org/meme/doc/fimo-output-format.html.
# fimo -oc /home/petersjg/enhancer-dissection/figure4files/RDL/RDL_Fimo/streme /home/petersjg/windows_directory/enhancer-dissection/streme.txt /home/petersjg/enhancer-dissection/figure4files/RDL/RDL.fa
